id,text,created_at,likes,retweets,replies
1,used to be: personal growth meant climbing a corporate ladder. now: it's building your own damn ladder. are we valuing the right things?,2025-03-24 16:57:52,0,0,0
2,"1. agile's cool, but sometimes the BEST software comes from just sitting down and *building* something. 2. vc money screams ""scale fast!"" but maybe slow & steady wins the race, y'know? are we optimizing for impact or just exits?",2025-03-24 16:57:52,0,0,0
4,"1. ditch the 8-hour workday myth. 2. focus on *impact*, not hours logged. 3. most meetings are just theater. cut them. are you measuring effort or results?",2025-03-24 16:57:52,0,0,0
5,"founders often think raising $ is the ultimate validation. it's not. it's just someone else betting on you. REAL validation? customers PAYING you. which is harder, but infinitely more valuable. what are YOU truly validating?",2025-03-24 16:57:52,0,0,0
6,"job hunting used to be about resumes & connections. now it's about personal branding & ai prompts.

1. build a portfolio, not just a cv.
2. learn to prompt ai effectively.
3. network online, not just in person.

are we building skills for jobs or for ai to build jobs?",2025-03-24 16:58:48,0,0,0
7,"founder insights i wish i knew earlier:

1. build for a niche, not everyone.
2. bootstrap as long as humanly possible. vc is a drug.
3. marketing is 90% of the battle.

are you *actually* solving a problem, or just building a cool toy?",2025-03-24 16:58:48,0,0,0
8,"1. most ""mentors"" tell u to network. nah, build something people WANT.
2. obsess over shipping, not perfect planning.
3. ignore the noise. build for *yourself* first.

are you building or just talking?",2025-03-24 16:58:48,0,0,0
9,"bootstrapping isn't just about saving money. it's about forced creativity. vc money can often stifle innovation. think different, not just bigger. what's more valuable: ownership or a fancy office?",2025-03-24 16:58:48,0,0,0
10,"success habits are so overrated.

1. obsess over learning, not ""doing""
2. say no. ruthlessly.
3. embrace being wrong. often.

used to be about grinding. now it's about evolving. are you evolving fast enough?",2025-03-24 16:58:48,0,0,0
11,"back then: raise millions, build it, *then* find users. now: build something tiny, find users, *then* consider raising. times have changed. are we building for ourselves or for the customer?",2025-03-24 17:25:12,0,0,0
12,"vc is like dating. everyone wants a ""founder-market fit"" but nobody talks about ""investor-founder fit."" are you REALLY compatible, or just chasing valuations?",2025-03-24 17:25:12,0,0,0
13,"1. stop chasing ""hot"" jobs. build skills that are perpetually in demand.
2. don't network *up*. build genuine relationships with peers.
3. ""passion"" is overrated. competence leads to enjoyment.

are you building skills for the future, or just applying for jobs?",2025-03-24 17:25:12,0,0,0
14,"product dev used to be about features. now it's about feelings.

1. build for emotion, not just function.
2. ai can automate function; can it automate empathy?
3. positioning is king. how do you make your product *feel* essential?

are we building tools or companions?",2025-03-24 17:25:12,0,0,0
15,"founders, listen up:

1. build something *you* need. scratches your own itch.
2. ignore the vc hype. bootstrap first. prove it works.
3. positioning is everything. are you a vitamin or a painkiller?

aren't we all just trying to solve our own problems?",2025-03-24 17:25:12,0,0,0
16,"1. vc money used to be the only path. now, bootstrapping is a badge of honor.
2. ai used to be sci-fi. now, it's table stakes.
3. marketing used to be yelling loudest. now, it's whispering the right thing.

are we building better, or just faster?",2025-03-24 17:25:20,0,0,0
17,"success habit nobody talks about:

1. obsess over iteration, not perfection.
2. launch early, learn faster.

used to be: perfect product, slow launch. now: quick product, hyper-growth.

what are you iterating on *today*?",2025-03-24 17:25:20,0,0,0
18,"remember when ""productivity"" meant longer hours? now it's about smarter prompts to ai. are we actually more productive, or just better at delegation to machines?",2025-03-24 17:25:20,0,0,0
19,"back in the day, software was a craft. now it's a factory.

1. ship fast, break things.
2. iterate endlessly.
3. ignore the soul.

is ""good enough"" actually good enough anymore? or are we just numbing ourselves to mediocrity?",2025-03-24 17:25:20,0,0,0
20,"1. build for niche, not scale first. 2. ignore vc hype, bootstrap longer. 3. ai *assists*, doesn't replace. remember that. are you building something truly *needed*, or just something *new*?",2025-03-24 17:25:20,0,0,0
21,"vc funding: used to be fuel, now it's often a gilded cage. are you building something truly valuable, or just something *fundable*?",2025-03-24 17:25:31,0,0,0
22,"ai isn't about replacing jobs, it's about automating tedious tasks. 1. frees up humans for creative work. 2. allows hyper-personalization at scale. 3. but... is this new ""creative"" work actually more fulfilling, or just different drudgery?",2025-03-24 17:25:31,0,0,0
23,"remember when ""build it and they will come"" was a strategy? now it's ""build it, beg them to come, and then pay them to stay."" how much has marketing changed, really?",2025-03-24 17:25:31,0,0,0
24,"1. stop glorifying the grind. intensity spikes, not constant burn.
2. focus on learning, not just doing. knowledge compounds.
3. ignore the vc hype. build something *real* first.

success isn't about ""hustle."" it's about smart choices. are ...",2025-03-24 17:25:31,0,0,0
25,"stop chasing vc. seriously.

1. build something people *actually* want.
2. charge them for it.
3. reinvest profits.

it's called bootstrapping. remember when that was a thing? is building a real business really that contrarian now?",2025-03-24 17:25:31,0,0,0
26,"remember when building a website meant learning html? now ai writes the code *for* you. feels like cheating, but is it actually innovation? what skills are truly valuable now?",2025-03-24 17:29:44,0,0,0
27,"ai isn't replacing jobs, it's redefining them. remember when ""social media manager"" wasn't a thing? now everyone needs one. what new roles will ai create that we haven't even imagined yet?",2025-03-24 17:29:44,0,0,0
28,"product dev truth:

1. build something *actually* useful, not just ""innovative.""
2. talk to users BEFORE you code, not after.
3. marketing is *part* of the product, not an afterthought.

still building features nobody wants?",2025-03-24 17:29:44,0,0,0
29,"product development isn't about building features. it's about eliminating distractions.

1. define the core problem
2. ruthlessly cut everything else.

less is truly more, esp with ai doing the heavy lifting. are we building too much, too soon?",2025-03-24 17:29:44,0,0,0
30,"bootstrapping vs vc:

1. old: raise big, scale fast, burn cash.
2. new: build lean, prove value, earn profits.

founders used to chase valuations. now, aren't real customers and sustainable revenue the *actual* north star?",2025-03-24 17:29:44,0,0,0
31,"most startups chase vc when their biggest problem is actually just selling something people want. like, REALLY want. are you building or begging?",2025-03-24 17:29:49,0,0,0
32,"1. chasing ""passion"" is overrated. build skills first.
2. instant gratification is a growth killer. delay the dopamine.
3. embrace discomfort. *that's* where the magic happens.

are you building a resume or building yourself?",2025-03-24 17:29:49,0,0,0
33,starting a startup used to be about solving a real problem. now it's about creating a problem to fit your ai solution. what happened?,2025-03-24 17:29:49,0,0,0
34,"1. stop chasing ""passion"" - build skills that pay, then find passion within the work. 2. ignore the noise. focus on what *you* control. 3. default to action. thinking is overrated. are you building, or just dreaming?",2025-03-24 17:29:49,0,0,0
35,"founder insights they *don't* tell you:

1. building slow & steady beats chasing hypergrowth.
2. bootstrapping breeds resourcefulness vc often kills.
3. community > features.

remember when founders actually *built*? now it's all about raising. what happened?",2025-03-24 17:29:49,0,0,0
36,"ai used to be sci-fi. now it's in excel.

1. democratized access is cool.
2. but are we losing the magic?
3. will ""good enough"" ai stifle true innovation?

what happens when everyone has the same tools?",2025-03-24 17:29:57,0,0,0
37,"success habits? forget ""rise and grind.""

1. embrace boredom. creativity blooms in the quiet.
2. say ""no"" to 99% of opportunities. focus.
3. celebrate small wins, not just milestones.

aren't we told the opposite? is relentless hustle actually burning us out?",2025-03-24 17:29:57,0,0,0
38,"bootstrapping isn't just about saving money, it's about:

1. owning your destiny. no vc board breathing down your neck.
2. true product-market fit. you *have* to solve a real problem.
3. grit. you learn to do EVERYTHING.

is that so bad?",2025-03-24 17:29:57,0,0,0
39,"back in the day, ""success"" meant climbing the corporate ladder. now it's building your own ladder. the pressure to conform is still there, but the PATHS aren't. are we building what *we* want or what we think we *should*?",2025-03-24 17:29:57,0,0,0
40,"most startups chase funding, not customers.

it used to be the other way around.

what if the best ""round"" is just... selling more stuff?",2025-03-24 17:29:57,0,0,0
41,"1. founders obsess over perfect code, but nobody cares.
2. focus on solving a painful problem, not building a pretty toy.
3. marketing is more important than the product. harsh, but true.

what's harder: building or selling?",2025-03-24 17:30:09,0,0,0
42,"software devs: everyone says document EVERYTHING. i say, document only what's truly weird. the rest? let the code speak (and refactor relentlessly). why waste time writing what's already obvious?",2025-03-24 17:31:04,0,0,0
43,"back in the day, raising $$ was the only path. now, bootstrapping is the flex. building a real business vs. a powerpoint deck. are we valuing substance over hype now?",2025-03-24 17:31:04,0,0,0
44,"1. stop chasing ""hot"" careers. 2. build skills that are *always* valuable: communication, problem-solving, adaptability. 3. leverage ai to amplify those skills. remember when experience trumped all? now, it's about learning velocity. what's your learning velocity?",2025-03-24 17:31:04,0,0,0
45,"1. vc isn't always the answer. bootstrapping builds grit.
2. marketing isn't lying, it's *positioning*.
3. ai hype? focus on real user problems, not shiny toys.

are you building something people *actually* need?",2025-03-24 17:31:04,0,0,0
46,"1. build for yourself first. 2. ignore vc hype. 3. charge what it's WORTH. so many founders chase unicorns when they should be building *profitable* donkeys. are you solving a real problem, or just playing the game?",2025-03-24 17:31:04,0,0,0
47,"success used to be about climbing the corporate ladder. now it's about building your own damn ladder.

1. build in public.
2. own your audience.
3. ship constantly.

is ""hustle culture"" dead or just evolving?",2025-03-24 17:31:17,0,0,0
48,"1. stop over-engineering. 2. ship faster. 3. iterate based on REAL user feedback, not your assumptions. we used to build for years in silence. now? build, launch, learn. what are you waiting for?",2025-03-24 17:31:17,0,0,0
49,"conventional wisdom: build it and they will come.

my take: build it, tell *them* it exists (in a way they actually care about), *then* they might come. positioning > features, always.

are we spending too much time building and not enough time connecting?",2025-03-24 17:31:17,0,0,0
50,"remember when productivity meant longer hours? now it's about smarter prompts.

1. ai isn't replacing jobs, it's redefining focus.
2. the 80/20 rule now feels like 95/5.
3. deep work is dead; deep prompting is king.

are we truly more productive, or just better at outsourcing ...",2025-03-24 17:31:17,0,0,0
51,"success habits aren't what you think:
1. obsess over *execution*, not planning.
2. ignore ""best practices,"" find what *actually* works for you.
3. prioritize shipping over polishing. done is better than perfect.
4. relentlessly focus ...",2025-03-24 17:31:17,0,0,0
52,"founders: stop chasing funding first. build something people *actually* want.

1. validation beats valuation every time.
2. revenue solves more problems than vc.

aren't we building companies, not just pitch decks?",2025-03-24 17:31:40,0,0,0
53,"1. build in public, even if it's scary. 2. ignore the noise, focus on signal. 3. done is better than perfect. remember when everyone hid their work until launch? now, it's all about iteration. is vulnerability the new strength?",2025-03-24 17:31:40,0,0,0
55,"vc isn't free money. it's a very expensive loan that demands control.

1. you trade equity, not just interest.
2. you're building *their* vision, not just yours.

aren't bootstrapped empires often more sustainable and authentic? what truly defines success?",2025-03-24 17:31:40,0,0,0
56,bootstrapping used to mean ramen and coding all night. now it's ai doing the coding while you strategize. is having too many tools a new kind of constraint?,2025-03-24 17:31:40,0,0,0
58,"ai isn't eating jobs; it's eating *bad* jobs. the kind that crush souls. we're so focused on automation eliminating work, we forget ai could create more fulfilling, meaningful work. what if ai's real impact is redefining what ""work"" even means?",2025-03-24 17:31:57,0,0,0
59,"personal growth isn't about adding more, it's often about subtracting what's holding you back. used to be, everyone chased ""more."" now? maybe less is more. what are you holding onto that's actually weighing you down?",2025-03-24 17:31:57,0,0,0
60,"used to be, you needed permission. now, you just need to build. the tools are there, the access is democratized. are you building, or still waiting for someone to say ""go""?",2025-03-24 17:31:57,0,0,0
61,"software devs:

1. stop chasing shiny new frameworks every six months.
2. master the fundamentals. really.
3. build something *actually* useful, not just technically impressive.

bootstrapped > vc-fueled hype? are we building for users or investors?",2025-03-24 17:31:57,0,0,0
63,"1. stop chasing ""passion."" build skills, THEN see what ignites. 2. forget ""perfect"" job. aim for steep learning curve. 3. ditch the resume, build a portfolio. are you building or just applying?",2025-03-24 17:32:14,0,0,0
64,"product dev ""best practice"" is customer interviews. but what if customers don't know what they *really* want? 1. build first. 2. then *observe* how people actually use it. 3. iterate. isn't action louder than words?",2025-03-24 17:32:14,0,0,0
65,"remember when ""cloud"" just meant rain? now it's where all your data lives, and nobody really knows where THAT is. is ignorance bliss, or a ticking data bomb?",2025-03-24 17:32:14,0,0,0
66,"being busy isn't the same as being productive. everyone’s hustling, but few are actually building. 1. focus on output, not just activity. 2. ruthlessly prioritize. 3. learn to say no. is your schedule reflecting your goals, or just your anxiety?",2025-03-24 17:32:14,0,0,0
67,1. fundraising isn't always scaling. sometimes it's just prolonged life support. 2. bootstrapped founders build for survival; vc-backed build for exits. which mindset creates more lasting value?,2025-03-24 17:32:22,0,0,0
68,"1. focus on skills, not degrees. 2. build in public, not in stealth. 3. ship imperfectly, not perfectly. 4. prioritize learning over earning early on. are you optimizing for the *right* things?",2025-03-24 17:32:22,0,0,0
69,"used to be, you needed permission. now, you need conviction. the gatekeepers are gone, but the self-doubt is louder than ever. are you listening to the right voice?",2025-03-24 17:32:22,0,0,0
70,"1. vc isn't the only path. bootstrapping forces resourcefulness.
2. focus on solving a REAL problem, not just building a shiny object.
3. positioning is EVERYTHING. are you a ""me too"" or a category of one?

what problem are you *actually* solving?",2025-03-24 17:32:22,0,0,0
71,most career advice is about climbing someone else's ladder. build your own damn ladder. what are *you* actually good at?,2025-03-24 17:32:22,0,0,0
72,"ai isn't magic. it's just *really* fast pattern recognition. we used to call that intuition. now it's code.

are we just outsourcing our gut feelings?",2025-03-24 17:32:27,0,0,0
73,"1. build a product people *actually* want, not what vcs tell you is ""hot"". 2. marketing is just telling the truth, consistently. 3. bootstrapping > chasing unicorn status. remember when businesses solved problems, not just raised rounds? what changed?",2025-03-24 17:33:52,0,0,0
74,"1. ai hype is peaking. remember when ""big data"" was everything?
2. vc money is a drug. bootstrapping builds resilience.
3. focus on solving real problems, not building shiny objects. are you building something useful, or just something *new*?",2025-03-24 17:33:52,0,0,0
75,"bootstrapped founders build what people *need*. vc-backed founders build what people *might* need.

which approach builds more lasting value?",2025-03-24 17:33:52,0,0,0
76,"back in the day, coding was lonely. now it's all ai pair programming and endless stack overflow. is this collaboration or just a fancy way to outsource thinking?",2025-03-24 17:33:52,0,0,0
77,"bootstrapping isn't just about saving money. it's about forced clarity.

1. fewer resources = ruthless prioritization
2. customer feedback is gold, not just data.
3. build something people *actually* want.

vc later, maybe. are you truly solving a problem first?",2025-03-24 17:33:52,0,0,0
78,"1. productivity isn't about doing more, it's about doing less of the *wrong* things.
2. focus on deep work, not endless meetings. meetings are often just performative busywork.
3. learn to say no. your time is your most valuable asset.

are you truly productive, or just busy?",2025-03-24 17:33:57,0,0,0
79,"used to be: climb the corporate ladder. now: build your own damn ladder.

which path gives you more control, and is ""control"" even what we should be striving for?",2025-03-24 17:33:57,0,0,0
80,"success habits aren't about doing *more*, it's about ruthlessly cutting the crap that doesn't move the needle. 1. identify 3 things that genuinely matter. 2. say no to everything else. isn't focus more impactful than endless hustle?",2025-03-24 17:33:57,0,0,0
81,"personal growth used to be about climbing corporate ladders. now it's about building your own ladder, even if it's just a step stool.

1. skills over titles.
2. learning over earning (at first).
3. impact over income.

are you investing in yourself, or just your resume?",2025-03-24 17:33:57,0,0,0
82,"product development isn't about building *more* features. it's about ruthlessly killing them.

1. find the core value.
2. amplify it.
3. delete everything else.

now, are you building a product or a frankenstein?",2025-03-24 17:33:57,0,0,0
84,bootstrapping isn't about being cheap. it's about being resourceful. it's about *owning* your destiny. vc is just renting someone else's. which path leads to true innovation?,2025-03-24 17:34:05,0,0,0
85,"remember when ""paying your dues"" meant actual skill? now it's just surviving endless meetings. are we mistaking busyness for impact?",2025-03-24 17:34:05,0,0,0
86,"remember when ""cloud"" meant rain? now everyone's chasing server space. 1. build in public, but own your data. 2. ai hype is real, but sustainable growth is the goal. 3. vc money isn't the ONLY path. are we building empires or just renting them?",2025-03-24 17:34:05,0,0,0
87,"1. stop chasing ""hot"" jobs. build skills that are ALWAYS in demand. 2. forget fancy degrees. show, don't tell, what you can DO. 3. network *later*. first, become someone worth knowing. are you building a skillset, or just a resume?",2025-03-24 17:34:05,0,0,0
88,"bootstrapping: less dilution, more control. vc: faster growth, higher pressure. remember when startups needed permission? now, build in public, fail fast, iterate. easier said than done, but which path aligns with your vision?",2025-03-24 17:34:11,0,0,0
89,"bootstrapping is the new vc. chasing millions before proving value? that's so 2010. build something real first, then maybe think about outside $. aren't you tired of seeing the same playbook recycled endlessly?",2025-03-24 17:36:55,0,0,0
90,"remember when ""productivity"" meant longer hours? now it's about smarter prompts & ai doing the heavy lifting. are we actually more productive, or just better at delegating to machines?",2025-03-24 17:36:55,0,0,0
91,"ai isn't replacing jobs, it's redefining roles. remember when websites were ""optional""? now? essential. are we adapting fast enough, or just pretending?",2025-03-24 17:36:55,0,0,0
92,"1. stop chasing ""hot"" jobs. 2. build skills that are RARE and valuable. 3. become indispensable. remember when job security meant loyalty? now it means leverage. are you building leverage or just following the crowd?",2025-03-24 17:36:55,0,0,0
94,"remember when ""cloud"" was just a fluffy thing in the sky? now it's *everything*. are we building castles on someone else's servers...or are we finally free?",2025-03-24 17:37:01,0,0,0
95,"back in the day, ""paying your dues"" meant grinding for years. now, it's shipping mvps and iterating fast. is hustle culture just delayed gratification in disguise?",2025-03-24 17:37:01,0,0,0
96,"1. vc funding used to be a signal of success. now it's a signal you couldn't figure out bootstrapping.
2. ""move fast and break things"" is out. ""move deliberately and build things that last"" is in.
3. everyone's building ai startups. but who's building *real* businesses?

what ...",2025-03-24 17:37:01,0,0,0
97,"bootstrapping isn't always the slow lane. sometimes, vc just buys you a faster route to the wrong destination. remember when focus mattered more than funding? are we optimizing for exits or impact?",2025-03-24 17:37:01,0,0,0
98,"1. stop chasing funding. build something people actually want. 2. ai is a tool, not a savior. learn to use it effectively. 3. marketing isn't manipulation, it's clear communication. are you building or just hyping?",2025-03-24 17:37:01,0,0,0
99,"remember when websites needed server rooms? now it's a lambda function.

1.  lowers costs, sure.
2.  but also lowers the barrier for *everyone*.

is that entirely a good thing?",2025-03-24 17:40:28,0,0,0
100,"remember when ""cloud"" was just rain? now it's where everyone's data lives. are we really more secure, or just more dependent?",2025-03-24 17:40:28,0,0,0
101,"bootstrapping isn't just about saving money. it's about forced creativity. 1. build what customers *actually* need, not what investors *think* they want. 2. iterate ruthlessly. 3. own your destiny. are you truly building for users, or just chasing valuations?",2025-03-24 17:40:28,0,0,0
102,"1. founders overthink fundraising. focus on building something people *actually* want.
2. bootstrapping forces you to be resourceful. vc can breed complacency.
3. ""move fast and break things"" is outdated. build deliberately. build to last.

are we valuing speed over substance?",2025-03-24 17:40:28,0,0,0
103,"vc isn't always the answer, folks.

1. bootstrapping forces you to actually solve a problem
2. ramen profitability > fake growth
3. ownership matters.

aren't we building companies to *own* them? or just flip them?",2025-03-24 17:40:28,0,0,0
104,"1. build for a niche, not everyone. 2. iterate relentlessly on user feedback, not your ego. 3. charge early, even if it's just a little. are you solving a real problem, or just building a pretty toy?",2025-03-24 17:41:48,0,0,0
105,"1. build a product people NEED, not just want. 2. stop chasing funding, start chasing customers. 3. remember when ""growth hacking"" meant *actually* hacking growth? now it's just ads. are we building businesses or hype machines?",2025-03-24 17:41:48,0,0,0
106,startups used to solve real problems. now? it feels like most are just trying to solve *vc's* problems. are we building the right things?,2025-03-24 17:41:48,0,0,0
107,"1. fundraising isn't always the answer.
2. sometimes, *not* raising money forces you to build a better product.
3. vc used to be rare; now it's a crutch.

are you building a real business or just a pitch deck?",2025-03-24 17:41:48,0,0,0
108,"1. vc isn't always the answer. bootstrapping builds resilience.
2. focus on solving REAL problems, not chasing hype.
3. positioning trumps features EVERY time. what's your unique angle?

are you building a business or just playing a game?",2025-03-24 17:41:48,0,0,0
109,"vc isn't always the answer. remember when startups focused on, y'know, *building* something real first? now it's all about fundraising decks and chasing unicorn status. what happened to solving actual problems?",2025-03-24 17:41:57,0,0,0
110,"career ""advice"" these days: 1. grind 24/7 2. network constantly 3. chase the highest salary. feels...wrong. back in the day, it was about mastery and building something real. are we optimizing for happiness or just status?",2025-03-24 17:41:57,0,0,0
111,"stop chasing ""balance."" it's a myth.

1. embrace the grind *when it matters*.
2. learn to REST HARD. guilt-free.
3. iterate. like a startup, but on yourself.

are you optimizing for intensity or longevity?",2025-03-24 17:41:57,0,0,0
112,"bootstrapping: it used to be a sign of weakness. now it's a badge of honor. funny how narratives shift, isn't it? what REALLY changed, though?",2025-03-24 17:41:57,0,0,0
113,"1. building a startup isn't about chasing unicorns anymore. it's about solving real problems.
2. vc money is a drug. bootstrapping forces you to be resourceful and creative.
3. old way: build it and they will come. new way: deeply understand your audience first.
what problem a...",2025-03-24 17:41:57,0,0,0
114,"1. ditch the endless to-do list. 2. focus on 1-2 *meaningful* tasks daily. 3. ruthlessly eliminate everything else. productivity isn't doing more, it's doing what matters. are you focusing on the signal or the noise?",2025-03-24 17:42:30,0,0,0
115,product development isn't about building what everyone *wants*. it's about building what they NEED but don't yet know they want. chasing trends is a fool's errand. better to invent the future. what problem are you truly solving?,2025-03-24 17:42:30,0,0,0
116,"vc funding used to be the only path. now, ai lets solo founders build empires from their laptops. 1. build. 2. iterate. 3. profit. isn't bootstrapping the new venture capital?",2025-03-24 17:42:30,0,0,0
117,"1. vc funding isn't always the answer. bootstrap if you can.
2. focus on solving a REAL problem, not chasing a trend.
3. build something people *need*, not just something that's ""cool.""

aren't we building too many solutions looking for problems these days?",2025-03-24 17:42:30,0,0,0
118,"1. chasing ""passion"" is overrated. cultivate competence FIRST.
2. instant gratification is a trap. delayed returns build character.
3. self-awareness > self-esteem. know your flaws, then work on them.

aren't we all just building better versions of ourselves, one brick at a time?",2025-03-24 17:42:30,0,0,0
119,"ai isn't magic dust. it's a tool. 1. learn prompts. 2. iterate ruthlessly. 3. build something useful, not just ""ai-powered."" are you actually solving a problem, or just chasing hype?",2025-03-24 17:42:37,0,0,0
120,"1. vc isn't the ONLY path. bootstrapping builds grit.
2. ""move fast and break things"" is old news. build slow and build smart.
3. ai can automate tasks, but can't replace human intuition. embrace BOTH.

what's more valuable: speed or sustainability?",2025-03-24 17:43:03,0,0,0
121,"founder insights i wish i knew earlier:

1. build in public, but don't be swayed by every opinion.
2. vc isn't the only path. bootstrap if you can.
3. positioning is EVERYTHING. are you solving a real problem or creating one?
are we building for utility or vanity?",2025-03-24 17:43:03,0,0,0
122,"1. stop chasing shiny objects. 2. build something people *actually* need. 3. ignore the vc hype, bootstrap if you can. 4. focus on sustainable growth, not vanity metrics. are you building a real business or just playing startup?",2025-03-24 17:43:03,0,0,0
123,1. chasing vc is often a trap. build something *real* first. 2. revenue > valuation. always. 3. bootstrap as long as humanly possible. remember when profit actually mattered? what are you *really* building for?,2025-03-24 17:43:03,0,0,0
124,"founders often chase funding when their time is the real bottleneck.

1. bootstrapping forces focus.
2. vc can mask fundamental flaws.

aren't we building companies BACKWARDS?",2025-03-24 17:43:03,0,0,0
125,"back in the day, shipping software meant burning cds. now it's pushing code to a server. feels like we traded physical constraints for mental ones. are we truly faster, or just differently bottlenecked?",2025-03-24 17:43:09,0,0,0
126,"product dev advice:

1. build for *yourself* first. scratch your own itch.
2. ignore 90% of ""best practices."" they're usually just trendy failures.
3. launch early, even if it's ugly. feedback is king.

are you building what people *need* or what they *want*?",2025-03-24 17:43:09,0,0,0
127,1. chasing vc for validation is a trap. build something people *actually* want. 2. profitability > growth at all costs. remember when companies needed revenue to survive? what changed?,2025-03-24 17:43:09,0,0,0
128,growth isn't always about adding more. sometimes it's about subtracting what's holding you back. what are you clinging to that's actually weighing you down?,2025-03-24 17:43:09,0,0,0
129,"ai-powered everything is the new ""blockchain everything."" remember when every startup slapped 'blockchain' on their name? now it's ai. are we building actual value, or just hype castles?",2025-03-24 17:43:09,0,0,0
130,"ai won't replace you, but someone using ai will.

1. learn prompts. 2. build automations. 3. ship faster.

stop fearing the future, start building it. are you ready or still waiting?",2025-03-24 17:43:15,0,0,0
131,"1. vc funding used to be a signal. now it's just noise.
2. bootstrapping forces real product-market fit.
3. ai lets you build with 1/10th the team.

are we overfunding hype and underfunding actual value?",2025-03-24 17:43:15,0,0,0
132,"productivity hack: stop optimizing every second. obsessing over efficiency KILLS creativity. build, ship, iterate. not everything needs a spreadsheet. are you building or just planning to build?",2025-03-24 17:43:15,0,0,0
134,"vc used to be the *only* path. now, bootstrapping is cool again.

1. build something useful.
2. charge for it.

is raising millions really necessary anymore?",2025-03-24 17:43:15,0,0,0
135,"1. chase impact, not just income. 2. build skills, not just a resume. 3. seek mentors, not just followers. things used to be about climbing the ladder; now it's about building your own. are you optimizing for the right future?",2025-03-24 17:43:19,0,0,0
136,"product dev truth bombs:

1. mvp isn't minimum viable product, it's *maximum* learning velocity.
2. don't build features, solve problems. (obvious, but ignored).
3. vc funding ≠ product market fit. bootstrapping forces real customer validation.

are you building or just...hyping?",2025-03-24 17:44:39,0,0,0
137,"back then, ""get a good job"" was the mantra. now it's ""build something yourself."" funny how security shifted from a paycheck to your own grit. is everyone ready for that shift?",2025-03-24 17:44:39,0,0,0
138,"1. build. launch. iterate. not the other way around.
2. ""perfect"" is the enemy of ""good enough"" to ship.
3. stop overthinking features nobody asked for.

are you building for yourself or your customer?",2025-03-24 17:44:39,0,0,0
139,vc funding isn't always the rocket fuel everyone thinks it is. sometimes it's just expensive kerosene. 1. bootstrapping forces real product market fit. 2. dilution is forever. 3. control matters. is slow and steady actually faster in the long run?,2025-03-24 17:44:39,0,0,0
140,"ai isn't replacing jobs, it's changing *who* does them. it used to be about experience; now it's about prompt engineering. are we ready for a world where the best ""worker"" is just the best question asker?",2025-03-24 17:44:39,0,0,0
141,"1. ai isn't eating jobs, it's eating boring tasks.
2. everyone's building ai features, few are building ai *products*.
3. remember when ""data-driven"" was the buzzword? now it's just table stakes.
what problem are you *actually* solving?",2025-03-24 17:44:44,0,0,0
142,"software dev then: weeks to deploy, hoping it works. software dev now: ai-powered deployment in minutes, praying it doesn't break everything. are we really making progress or just shifting the chaos?",2025-03-24 17:44:44,0,0,0
143,"success habit nobody talks about:

1. ruthlessly cut out the ""good"" opportunities. focus on the GREAT.
2. stop chasing shiny objects. build something REAL.

easy to say, hard to do, right? what are you REALLY focusing on?",2025-03-24 17:44:44,0,0,0
144,"bootstrapping isn't suffering, it's FOCUS.

1. build a product that solves a real pain.
2. charge what it's WORTH.
3. reinvest profits, not vc money.

how much faster could you grow without the pressure of outside investors?",2025-03-24 17:44:44,0,0,0
145,"being ""busy"" isn't the same as being productive. used to be about hours worked, now it's about impact created. 1. focus on value, not volume. 2. ruthlessly cut distractions. are you truly being productive, or just performing busyness?",2025-03-24 17:44:44,0,0,0
146,"1. stop chasing prestige. 2. build something real, even if it's small. 3. learn to sell. seriously. nobody cares about your degree. are you solving a problem, or just boosting your ego?",2025-03-24 17:44:50,0,0,0
147,"software used to be about features. now it's about community.

which is harder to build?",2025-03-24 17:44:50,0,0,0
148,"back in the day, startups needed serious capital. now? a laptop and ai can get you further than most series a rounds used to. are we building smarter, or just faster?",2025-03-24 17:44:50,0,0,0
149,"bootstrapping: everyone says ""build an mvp."" nah. build a *profitable* mvp. validate with revenue, not just users. who needs vc when you're paying yourself? are we too obsessed with rapid growth over sustainability?",2025-03-24 17:44:50,0,0,0
150,"1. chasing job titles is so 2010. 2. build skills, not resumes. 3. focus on learning, not earning (at first). what if your ""dream job"" is just someone else's old dream?",2025-03-24 17:44:50,0,0,0
151,"product dev used to be about features. now it's about feelings.

1. build for emotions, not just utility.
2. positioning > pure functionality.
3. ai amplifies both – good & bad.

are we building soulless tech or empathetic solutions?",2025-03-24 17:45:27,0,0,0
152,most career advice is about climbing the ladder. few tell you to build your OWN damn ladder. which one actually leads to freedom?,2025-03-24 17:46:13,0,0,0
153,"remember when ""build it and they will come"" was a valid startup strategy? now it's ""build it, market it relentlessly, and *maybe* they'll notice."" has product positioning become even more crucial in this ai-driven world?",2025-03-24 17:46:13,0,0,0
154,"ai isn't magic, it's a tool. 1. learn prompting. 2. build simple automations. 3. focus on *outcomes*, not just the tech. are you actually solving problems or just playing with toys?",2025-03-24 17:46:13,0,0,0
155,"1. software dev used to be about elegant code. now it's glueing together ai apis.
2. everyone's a ""full stack"" dev now, but nobody truly understands the stack.
3. shipping > perfect code. always.

are we building better software, or just faster garbage?",2025-03-24 17:46:13,0,0,0
156,"building a product? everyone says ""validate validate validate."" but sometimes, the market doesn't know what it wants until it sees it. trust your gut. ship. iterate. were apple validating the iphone with focus groups back in 2007? what's changed?",2025-03-24 17:46:13,0,0,0
157,"1. build for a niche, *then* expand. 2. customer obsession > product obsession. 3. ignore vanity metrics early on. 4. bootstrap as long as humanly possible.

aren't most startups doing the exact opposite these days?",2025-03-24 17:46:41,0,0,0
158,"ai isn't replacing humans, it's amplifying mediocrity. average work just got easier to produce. so, what happens to truly exceptional talent in this new world?",2025-03-24 17:46:41,0,0,0
159,"productivity isn't about doing more, it's about doing less.

1. ruthlessly cut tasks.
2. focus on 1-2 *critical* actions daily.
3. ignore the noise.

are you measuring impact or just effort?",2025-03-24 17:46:41,0,0,0
160,"remember when ""paying your dues"" meant actual skill? now it's just enduring pointless meetings and bureaucratic hell. is grinding REALLY the only path, or are we just bad at designing systems that reward impact?",2025-03-24 17:46:41,0,0,0
161,"product dev used to be about building the *best* thing. now it's about building the thing that's easiest to market.

1. find a trend.
2. build something adjacent.
3. profit?

is this actually innovation, or just efficient mimicry?",2025-03-24 17:46:41,0,0,0
162,"it's wild how many startups chase vc funding. 1. dilution's a real killer. 2. bootstrapping forces true innovation. 3. owning 100% of a small pie beats 1% of a huge one, right? or does it?",2025-03-24 17:47:36,0,0,0
163,"most productivity advice focuses on doing *more*. but what if the biggest gains come from ruthlessly eliminating what doesn't matter? fewer tasks, better focus.

is your productivity problem addition or subtraction?",2025-03-24 17:47:36,0,0,0
164,ai hype is peaking. everyone's building the same thing. remember when software ate the world? now ai's eating software. but what happens when ai eats ai? are we building towards singularity or just infinite recursion?,2025-03-24 17:47:36,0,0,0
165,"used to be: climb the ladder. now: build your own damn ladder.

1.  skills > degrees
2.  impact > titles
3.  bootstrapping > chasing vc

are you building, or just climbing someone else's creation?",2025-03-24 17:47:36,0,0,0
166,"1. vc isn't always the answer. bootstrapped grit builds resilience.
2. remember dial-up modems? now it's cloud computing. same w/ funding: old way vs new.
3. vc can distort product vision chasing hypergrowth. is organic, sustainable growth so bad?

what are you optimizing for:...",2025-03-24 17:47:36,0,0,0
168,"founders, stop chasing vc hype.

1. build something people *actually* need.
2. charge for it.
3. reinvest profits.

old way: raise millions, burn fast, pray. new way: build slow, build smart, build lasting.

isn't sustainable growth sexier anyway?",2025-03-24 17:47:57,0,0,0
169,"ai hype is reaching peak absurdity. remember when ""big data"" was gonna solve everything? now it's just ai. the new shiny object. but are we actually building *useful* things, or just impressive demos?",2025-03-24 17:47:57,0,0,0
170,"most startups die from indigestion, not starvation. they try to do too much, too fast. focus, people. what's *the* one thing that truly matters?",2025-03-24 17:47:57,0,0,0
171,"bootstrapping isn't about scarcity, it's about clarity. vc often *blinds* you with resources. 1. force focus. 2. validate ruthlessly. 3. build what people *actually* need. isn't that more valuable than a unicorn dream?",2025-03-24 17:47:57,0,0,0
172,"1. stop chasing shiny objects. 2. build something *you* need. 3. ignore the vc hype. bootstrap if you can. 4. focus on solving real problems, not imaginary ones. are you building a business or just playing startup?",2025-03-24 17:50:40,0,0,0
174,"conventional wisdom: chase promotions.

1. focus on skills, not titles.
2. build a personal monopoly.
3. the title is the *lagging* indicator.

are you building true value, or just climbing a ladder?",2025-03-24 17:50:40,0,0,0
175,"vc funding: used to be fuel, now it's often just an anchor. the faster you run, the deeper it digs. are you building a rocket or burying treasure?",2025-03-24 17:50:40,0,0,0
176,"used to be, ""get a good job, climb the ladder."" now it's, ""build something yourself, even if it's small."" feels riskier, sure, but is it *really* riskier than being laid off after 20 years? what's your take?",2025-03-24 17:50:40,0,0,0
177,"it's wild how many ppl chase ""prestige"" jobs only to be utterly miserable. find something you're genuinely curious about, even if it seems niche. are you building your life, or just your resume?",2025-03-24 17:50:45,0,0,0
178,"vc isn't the only path. 1. build something people *actually* want. 2. charge them for it. 3. reinvest profits. bootstrapping is underrated. remember when companies focused on profitability instead of ""growth""? what's stopping you from building a real business?",2025-03-24 17:50:45,0,0,0
179,"back then, ""get a good job"" was the mantra. now it's ""build something good."" crazy how the script flipped. are we valuing creation over conformity now?",2025-03-24 17:50:45,0,0,0
180,"vc funding isn't the ONLY path. remember when startups focused on BUILDING things, not fundraising? 1. solve a real problem. 2. get paying customers. 3. then maybe think about investors. or don't. is the startup world addicted to easy money?",2025-03-24 17:50:45,0,0,0
181,"bootstrapping is the new vc. remember when everyone chased millions before a single user? now, true grit builds empires from ramen profits.

1. build something people *actually* want.
2. forget vanity metrics.
3. focus on profitability.

are we valuing substance over hype again?",2025-03-24 17:50:45,0,0,0
182,"Startups aren't built in spreadsheets.
They're built in group chats, 3AM DMs, and chaotic Notion docs.",2025-03-25 17:50:45,0,0,0
183,"AI is the new SaaS.
Except it talks back.",2025-03-26 17:50:45,0,0,0
184,"Founders who win:
– Obsessive
– Slightly delusional
– Play the long game
That’s the holy trinity.",2025-03-27 17:50:45,0,0,0
185,"The best founder skill in 2025?
Curation.",2025-03-28 17:50:45,0,0,0
186,"You don’t need more tools.
You need taste.",2025-03-29 17:50:45,0,0,0
187,"Tiny team. Big outcome.
That’s the dream.",2025-03-30 17:50:45,0,0,0
188,"Most VCs talk about risk.
The best ones *are* risk.",2025-03-31 17:50:45,0,0,0
189,"Your MVP should be embarrassing.
If it's not, you're too late.",2025-04-01 17:50:45,0,0,0
190,"2024 startup playbook:
– Build in public
– Use AI as leverage
– Get weird on TikTok
– Sell direct
– Sleep when you're acquired",2025-04-02 17:50:45,0,0,0
191,The next unicorn will feel like a cult at first.,2025-04-03 17:50:45,0,0,0
192,"Don’t start a startup.
Start a movement disguised as a product.",2025-04-04 17:50:45,0,0,0
193,AI agents will make your to-do list irrelevant.,2025-04-05 17:50:45,0,0,0
194,"Everyone’s building dashboards.
No one’s building delight.",2025-04-06 17:50:45,0,0,0
195,"The founder grind is real.
But the indie win hits different.",2025-04-07 17:50:45,0,0,0
196,"Build like you're broke.
Market like you're Kanye.",2025-04-08 17:50:45,0,0,0
197,"Distribution > Product
Story > Features
Vibe > Everything",2025-04-09 17:50:45,0,0,0
198,"You don’t need 100k followers.
You need 100 true believers.",2025-04-10 17:50:45,0,0,0
199,"The old startup game: raise first.
The new startup game: revenue first.",2025-04-11 17:50:45,0,0,0
200,"Every founder should spend a week building with ChatGPT.
No code. Just convo.",2025-04-12 17:50:45,0,0,0
201,"Want to get investor attention?
Be the one who *doesn't* beg for it.",2025-04-13 17:50:45,0,0,0
202,"Your biggest unfair advantage:
Caring more than anyone else.",2025-04-14 17:50:45,0,0,0
203,"YC isn’t for everyone.
But obsession is.",2025-04-15 17:50:45,0,0,0
204,"Founders: write more.
Code less.
Clarity scales.",2025-04-16 17:50:45,0,0,0
205,"No one wants another AI tool.
They want a superpower.",2025-04-17 17:50:45,0,0,0
206,"This era rewards weird.
Use that to your advantage.",2025-04-18 17:50:45,0,0,0
207,Build something your group chat would *actually* use.,2025-04-19 17:50:45,0,0,0
208,"You don’t need to go viral.
You need to resonate.",2025-04-20 17:50:45,0,0,0
209,"I’d rather have 1 user who *loves* it
Than 100 who kinda like it.",2025-04-21 17:50:45,0,0,0
210,"The best products don’t feel like products.
They feel like magic.",2025-04-22 17:50:45,0,0,0
211,Indie hacking is just punk rock for tech nerds.,2025-04-23 17:50:45,0,0,0
212,Founders: your *vibe* is your moat.,2025-04-24 17:50:45,0,0,0
213,"It’s not about building fast.
It’s about building with taste.",2025-04-25 17:50:45,0,0,0
214,"99% of ideas are bad.
But the 1%? They’re world-changing.",2025-04-26 17:50:45,0,0,0
215,"Forget “users.”
Think fans. Think tribe.",2025-04-27 17:50:45,0,0,0
216,"Building alone is cool.
Building in community is cooler.",2025-04-28 17:50:45,0,0,0
217,"Boring market. Strange take.
That’s the recipe.",2025-04-29 17:50:45,0,0,0
218,"AI won't replace you.
But someone *using* AI will.",2025-04-30 17:50:45,0,0,0
219,"The next big thing won't feel big at first.
It'll feel niche, weird, and too early.
That's your signal.",2025-05-01 17:50:45,0,0,0
220,"Gen Z doesn’t want features.
They want a *feeling*.",2025-05-02 17:50:45,0,0,0
221,"Most startups are chasing trends.
The best ones *start* them.",2025-05-03 17:50:45,0,0,0
222,"If your startup pitch sounds like everyone else's, you already lost.",2025-05-04 17:50:45,0,0,0
223,"The new startup stack:
– Midjourney
– ChatGPT
– Gumroad
– Twitter
– Vibes",2025-05-05 17:50:45,0,0,0
224,Aesthetic is a growth hack.,2025-05-06 17:50:45,0,0,0
225,"Build for the future.
But speak the language of now.",2025-05-07 17:50:45,0,0,0
226,"Less MVP, more MAP (Minimal *Aesthetic* Product).",2025-05-08 17:50:45,0,0,0
227,"Your SaaS is boring.
Add a personality.",2025-05-09 17:50:45,0,0,0
228,You don’t need VC to build something meaningful.,2025-05-10 17:50:45,0,0,0
229,"Everyone is looking for the next big thing.
But no one wants to start small.",2025-05-11 17:50:45,0,0,0
230,The best startup names feel like bands.,2025-05-12 17:50:45,0,0,0
231,"If it doesn’t spark a DM, it won’t spark growth.",2025-05-13 17:50:45,0,0,0
232,Indie founders are just the new rockstars.,2025-05-14 17:50:45,0,0,0
233,"Niche down.
Then *double down*.",2025-05-15 17:50:45,0,0,0
234,"Most people don’t fail because of bad ideas.
They fail because they quit too soon.",2025-05-16 17:50:45,0,0,0
235,"SaaS is good.
SaaS with soul is great.",2025-05-17 17:50:45,0,0,0
236,Great design is customer love at first sight.,2025-05-18 17:50:45,0,0,0
237,"Want virality?
Say something real.",2025-05-19 17:50:45,0,0,0
238,"Startup cheat code:
Build a product people brag about using.",2025-05-20 17:50:45,0,0,0
239,"Building a startup?
Start with your obsession.",2025-05-21 17:50:45,0,0,0
240,Every great product starts as a dumb idea in a DM.,2025-05-22 17:50:45,0,0,0
241,"In 2025, *taste* is the moat.",2025-05-23 17:50:45,0,0,0
242,"The best advice I can give new founders:
Make something *you* would pay for.",2025-05-24 17:50:45,0,0,0
243,"No one talks about the emotional rollercoaster of indie hacking.
But it’s real. And it’s worth it.",2025-05-25 17:50:45,0,0,0
244,Build something *weirdly useful*.,2025-05-26 17:50:45,0,0,0
245,Today’s MVP is tomorrow’s lifestyle brand.,2025-05-27 17:50:45,0,0,0
246,"Raise when you don’t need to.
Launch before you think you're ready.",2025-05-28 17:50:45,0,0,0
247,"You're not building a product.
You're building a *signal*.",2025-05-29 17:50:45,0,0,0
248,"The real flex?
$10K MRR with zero employees.",2025-05-30 17:50:45,0,0,0
249,"Great founders:
– Ask dumb questions
– Take big bets
– Ship relentlessly",2025-05-31 17:50:45,0,0,0
250,The “sleep in your car” energy hits different when your app hits #1 on Product Hunt.,2025-06-01 17:50:45,0,0,0
251,"Ditch the pitch deck.
Show me a meme that explains your startup.",2025-06-02 17:50:45,0,0,0
252,The best startup founders are just pattern interrupters.,2025-06-03 17:50:45,0,0,0
253,"Want to stand out?
Say what no one else is saying.",2025-06-04 17:50:45,0,0,0
254,"The startup journey:
– Curiosity
– Obsession
– Delusion
– Exit",2025-06-05 17:50:45,0,0,0
255,"You don't need a cofounder.
You need a *creative partner*.",2025-06-06 17:50:45,0,0,0
256,Your product should feel like a *meme with utility*.,2025-06-07 17:50:45,0,0,0
257,Startup success = Vision × Vibes × Velocity,2025-06-08 17:50:45,0,0,0
258,The best founders are just good at *not quitting*.,2025-06-09 17:50:45,0,0,0
259,Taste is the new technical skill.,2025-06-10 17:50:45,0,0,0
260,"VCs are out here chasing graphs.
You should be chasing *grit*.",2025-06-11 17:50:45,0,0,0
261,"Start with an insight.
Build with love.
Scale with weirdos.",2025-06-12 17:50:45,0,0,0
262,"If it doesn't make you laugh a little, you're playing it too safe.",2025-06-13 17:50:45,0,0,0
263,Your Notion doc has more startup ideas than the entire S&P 500.,2025-06-14 17:50:45,0,0,0
264,ChatGPT is your cofounder now.,2025-06-15 17:50:45,0,0,0
265,Obsession is underrated.,2025-06-16 17:50:45,0,0,0
266,The best marketing is a tweet that makes you *feel* something.,2025-06-17 17:50:45,0,0,0
267,"Everyone's shipping tools.
Ship dreams.",2025-06-18 17:50:45,0,0,0
268,"Build like it’s 2011 Tumblr.
Weird. Beautiful. Addictive.",2025-06-19 17:50:45,0,0,0
269,"AI is just the beginning.
Culture is the multiplier.",2025-06-20 17:50:45,0,0,0
270,"Don’t build for Tech Twitter.
Build for your 3AM self.",2025-06-21 17:50:45,0,0,0
271,"Startups aren't dead.
They're just getting interesting again.",2025-06-22 17:50:45,0,0,0
272,"You don’t need a playbook.
You need a point of view.",2025-06-23 17:50:45,0,0,0
273,"In a world of clones, originality wins.",2025-06-24 17:50:45,0,0,0
274,"Forget scale.
Focus on *spark*.",2025-06-25 17:50:45,0,0,0
275,The best founders make noise before they make money.,2025-06-26 17:50:45,0,0,0
276,"Most startup advice is mid.
Trust your taste.",2025-06-27 17:50:45,0,0,0
277,Build something someone *can't shut up about*.,2025-06-28 17:50:45,0,0,0
278,Make your startup feel like a secret club.,2025-06-29 17:50:45,0,0,0
279,"SaaS is great.
SaaS + community = magic.",2025-06-30 17:50:45,0,0,0
280,"Want to raise?
First, raise *eyebrows*.",2025-07-01 17:50:45,0,0,0
281,"Build like an artist.
Sell like a hustler.",2025-07-02 17:50:45,0,0,0
282,Most people want to raise money before proving anything. The best founders? They build something people beg to pay for. Then investors chase *them*.,2025-07-03 17:50:45,0,0,0
283,"Everyone's copying YC's playbook. But YC’s edge wasn’t the playbook. It was Paul Graham's essays, the cult-like early belief, and a room full of weirdos shipping magic. Write your *own* playbook.",2025-07-04 17:50:45,0,0,0
284,Don’t build another tool. Build a worldview. Give people something to believe in. Startups with soul win in the long run.,2025-07-05 17:50:45,0,0,0
285,Your product shouldn't need a 20-minute demo. It should click in 5 seconds. Then feel like cheating.,2025-07-06 17:50:45,0,0,0
286,"Every founder should: 
– Spend 1 week doing sales 
– Spend 1 week writing content 
– Spend 1 week talking to customers 

You don’t need an MBA. You need proximity.",2025-07-07 17:50:45,0,0,0
287,Your startup doesn't need to look serious. It needs to look *delicious*. Good design = love at first click.,2025-07-08 17:50:45,0,0,0
288,Founders who play the 2-year game burn out. Founders who play the 20-year game? They build empires.,2025-07-09 17:50:45,0,0,0
281,Stop overthinking your launch. Tweet. Ship. Repeat. Most people never start. That’s your unfair advantage.,2025-07-10 17:50:45,0,0,0
282,Startups that win in 2025 will feel more like brands than products. A mood. A vibe. A lifestyle. The tech is just the backend.,2025-07-11 17:50:45,0,0,0
283,"If you're not embarrassed by your first launch, you're playing it too safe. Your first 100 users don’t need perfect. They need momentum.",2025-07-12 17:50:45,0,0,0
284,Why are we still obsessed with hiring 20-person teams? I’ve seen 2-person teams do what 100 can’t. Small is the new scale.,2025-07-13 17:50:45,0,0,0
285,Your best marketing channel? A screenshot that makes someone stop scrolling.,2025-07-14 17:50:45,0,0,0
286,Great products: – Solve pain – Spark joy – Invite people to belong The rest is noise.,2025-07-15 17:50:45,0,0,0
287,3 underrated founder skills: – Writing clearly – Designing beautifully – Saying no aggressively,2025-07-16 17:50:45,0,0,0
288,People follow people. Not features. Make your startup feel like a person they want to hang with.,2025-07-17 17:50:45,0,0,0
281,"Every breakout product starts as a weird niche. If it feels too small, you might be onto something.",2025-07-18 17:50:45,0,0,0
282,Stop building to impress VCs. Build to impress your weird little internet corner. That’s where the magic is.,2025-07-19 17:50:45,0,0,0
283,"A lot of founders fail because they think “taste” can be outsourced. It can’t. Either you’ve got it, or you build it.",2025-07-20 17:50:45,0,0,0
284,Your early users aren’t customers. They’re cofounders in disguise.,2025-07-21 17:50:45,0,0,0
285,"Most people chase distribution. But if your product is unforgettable, it *becomes* distribution.",2025-07-22 17:50:45,0,0,0
286,Everyone wants to build the next big thing. But the next big thing always starts as a joke. Lean into that.,2025-07-23 17:50:45,0,0,0
287,"Your app doesn’t need to do more. It needs to do *less*, better.",2025-07-24 17:50:45,0,0,0
288,"The founder advantage in 2025: You don’t need a team. You need taste, AI, and relentless shipping.",2025-07-25 17:50:45,0,0,0
281,Some people raise $5M to build a product. Others build a product that raises $5M in revenue. Choose wisely.,2025-07-26 17:50:45,0,0,0
282,"Your biggest moat is not code. It’s community, energy, and weirdness.",2025-07-27 17:50:45,0,0,0
283,The most addictive products feel like toys. Play > Utility Delight > Depth,2025-07-28 17:50:45,0,0,0
284,Make a product that makes someone DM their friend: “Yo this is sick.”,2025-07-29 17:50:45,0,0,0
285,Stop trying to sound smart. Sound *real*. Relatable beats robotic every time.,2025-07-30 17:50:45,0,0,0
286,"If your product doesn't have *aesthetic energy*, you're leaving growth on the table.",2025-07-31 17:50:45,0,0,0
287,"You don't need to raise a round. You need to raise curiosity. If people aren't talking about you, you're not ready.",2025-08-01 17:50:45,0,0,0
288,"Don't just build tools. Build toys for adults. Make it feel like a game, even if it’s serious.",2025-08-02 17:50:45,0,0,0
281,You know you're onto something when your product looks dumb to normies and brilliant to 100 people.,2025-08-03 17:50:45,0,0,0
282,"Stop chasing unicorns. Chase cash flow, control, and a calendar you own.",2025-08-04 17:50:45,0,0,0
283,Building in public is not a growth hack. It's a trust hack.,2025-08-05 17:50:45,0,0,0
284,Want to 10x your startup odds? Start building *before* you're ready. Post ugly. Ship early. Learn faster.,2025-08-06 17:50:45,0,0,0
285,"You don’t need a complex onboarding flow. You need a single screen that screams, “Let’s go.”",2025-08-07 17:50:45,0,0,0
286,Founders spend too much time worrying about investors and not enough about culture. Your startup’s vibe is your *real* pitch.,2025-08-08 17:50:45,0,0,0
287,The best startup idea is the one you can’t stop thinking about. Even in the shower. Even in traffic. Even at 3AM.,2025-08-09 17:50:45,0,0,0
288,Indie hacking is therapy for control freaks. You make the rules. You own the wins. You eat what you kill.,2025-08-10 17:50:45,0,0,0
281,Don’t build for everyone. Build for 100 people who feel *seen*.,2025-08-11 17:50:45,0,0,0
282,Stop thinking MVP. Think MAP: Minimum *Aesthetic* Product.,2025-08-12 17:50:45,0,0,0
283,"Most successful startups are just bundles of great taste, speed, and a little chaos.",2025-08-13 17:50:45,0,0,0
284,"Notion, Figma, ChatGPT, Gumroad, Twitter. That’s a billion-dollar stack right there.",2025-08-14 17:50:45,0,0,0
285,What separates good founders from great ones? The great ones *finish*.,2025-08-15 17:50:45,0,0,0
286,"Most startup decks are boring. You know what’s not boring? Screenshots, vibes, and momentum.",2025-08-16 17:50:45,0,0,0
287,Founders think they need a roadmap. What they really need is a *reason*.,2025-08-17 17:50:45,0,0,0
288,Startup hack: Build something your ex would regret not supporting.,2025-08-18 17:50:45,0,0,0
281,Don’t build what people say they want. Build what they *feel* is missing.,2025-08-19 17:50:45,0,0,0
282,You don’t need 10 mentors. You need one person who tells you the truth.,2025-08-20 17:50:45,0,0,0
283,The biggest flex in 2025? Tiny team. Big outcome. Fun along the way.,2025-08-21 17:50:45,0,0,0
284,"If it feels too weird, too niche, too early… you might be *exactly* right.",2025-08-22 17:50:45,0,0,0
285,Startup energy I love: – A little chaotic – Relentlessly curious – Allergic to corporate jargon,2025-08-23 17:50:45,0,0,0
286,Your app should feel like a meme that does something useful.,2025-08-24 17:50:45,0,0,0
287,Want retention? Make people feel something. That’s it.,2025-08-25 17:50:45,0,0,0
288,"Build something that makes people say, “Wait, that’s legal?”",2025-08-26 17:50:45,0,0,0
281,The startup glow-up: – Build – Get ignored – Ship relentlessly – Go viral – Get copied – Smile anyway,2025-08-27 17:50:45,0,0,0
282,AI is the cheat code. But taste is the game.,2025-08-28 17:50:45,0,0,0
283,You can’t outsource your vibe.,2025-08-29 17:50:45,0,0,0
284,There’s no perfect time to launch. Post the link. Learn in public. Adjust in motion.,2025-08-30 17:50:45,0,0,0
285,Too many people are building for the algorithm. Not enough are building for the *people*.,2025-08-31 17:50:45,0,0,0
286,Shipping every week is underrated. Momentum is a moat.,2025-09-01 17:50:45,0,0,0
287,Want virality? Inject energy. Inject surprise. Inject truth.,2025-09-02 17:50:45,0,0,0
288,There’s no playbook for weird. That’s why it works.,2025-09-03 17:50:45,0,0,0
281,Product Hunt is not your launch. Your first user screenshot is.,2025-09-04 17:50:45,0,0,0
282,The best startup story? “It was just a dumb idea that wouldn’t leave me alone.”,2025-09-05 17:50:45,0,0,0
283,Don’t talk about your startup like a business. Talk about it like it’s a revolution.,2025-09-06 17:50:45,0,0,0
284,"I’d rather have 10 obsessed fans than 1,000 bored users.",2025-09-07 17:50:45,0,0,0
285,AI tools are everywhere. But the ones with personality? Those are the ones people remember.,2025-09-08 17:50:45,0,0,0
286,Most founders are scared to ship something ugly. But ugly + fast beats beautiful + never.,2025-09-09 17:50:45,0,0,0
287,Building a product is easy. Building a *feeling* is hard. Do both.,2025-09-10 17:50:45,0,0,0
288,Your homepage isn’t a homepage. It’s a handshake.,2025-09-11 17:50:45,0,0,0
281,Build something your group chat won’t shut up about.,2025-09-12 17:50:45,0,0,0
282,The best growth hack? Build something worth screenshotting.,2025-09-13 17:50:45,0,0,0
283,You’re not building a feature. You’re building an emotion on demand.,2025-09-14 17:50:45,0,0,0
284,Startup secret: Vibes scale faster than code.,2025-09-15 17:50:45,0,0,0
285,The biggest startup killer? Waiting for perfect.,2025-09-16 17:50:45,0,0,0
286,Early adopters love jank. As long as it works *just enough*.,2025-09-17 17:50:45,0,0,0
287,Want to go viral? Be first. Be weird. Be real.,2025-09-18 17:50:45,0,0,0
288,The best founders treat their startup like a mixtape.,2025-09-19 17:50:45,0,0,0
281,Nobody cares about your roadmap. They care about your momentum.,2025-09-20 17:50:45,0,0,0
282,The best MVPs feel like magic and duct tape at the same time.,2025-09-21 17:50:45,0,0,0
283,"If it feels like work, no one will use it twice.",2025-09-22 17:50:45,0,0,0
284,"Be the founder who ships so fast, people think you're a team of 10.",2025-09-23 17:50:45,0,0,0
285,You don’t need product-market fit. You need *vibe-customer* fit.,2025-09-24 17:50:45,0,0,0
286,Build for people who like to share cool things.,2025-09-25 17:50:45,0,0,0
287,Don’t design for conversion. Design for *curiosity*.,2025-09-26 17:50:45,0,0,0
288,Most people build “useful.” Few build “irresistible.”,2025-09-27 17:50:45,0,0,0
281,You don’t need to change the world. Just change *someone’s* world.,2025-09-28 17:50:45,0,0,0
282,Building with AI? Cool. Now make it *fun*.,2025-09-29 17:50:45,0,0,0
283,"Founder tip: If it doesn’t make you smile, it won’t make your users smile either.",2025-09-30 17:50:45,0,0,0
284,Early traction = people using it even when it's broken.,2025-10-01 17:50:45,0,0,0
285,You don’t need another SaaS with 6 tabs. You need one button and a vibe.,2025-10-02 17:50:45,0,0,0
286,Your early users are your marketing team. Make them feel like insiders.,2025-10-03 17:50:45,0,0,0
287,The best startup advice is simple: Keep going.,2025-10-04 17:50:45,0,0,0
288,"In a sea of AI clones, be the product with a *soul*.",2025-10-05 17:50:45,0,0,0
281,You won’t win by doing what everyone else is doing. You’ll win by doing it *your way*.,2025-10-06 17:50:45,0,0,0
282,Stop chasing perfection. Chase momentum.,2025-10-07 17:50:45,0,0,0
283,No one remembers features. They remember how you made them feel.,2025-10-08 17:50:45,0,0,0
284,Build like you’re telling a story. Not like you’re filling a form.,2025-10-09 17:50:45,0,0,0
285,The best founders don’t follow trends. They *bend* them.,2025-10-10 17:50:45,0,0,0
286,AI agents will do to consultants what Netflix did to cable.,2025-10-11 17:50:45,0,0,0
287,"AI is to coders what calculators were to accountants: not a threat, a superpower.",2025-10-12 17:50:45,0,0,0
288,"AI stack for 2025:
- Your brain
- A good API
- 1-click infra
- An audience",2025-10-13 17:50:45,0,0,0
289,Be so good at distribution they can’t ignore you.,2025-10-14 17:50:45,0,0,0
290,Being everywhere used to be cool. Now focus is the new flex.,2025-10-15 17:50:45,0,0,0
291,Being first doesn’t matter anymore. Being fastest does.,2025-10-16 17:50:45,0,0,0
292,Bootstrapping a startup is like gardening. VC-funded growth is like steroids.,2025-10-17 17:50:45,0,0,0
293,Build like no one’s watching. Launch like everyone is.,2025-10-18 17:50:45,0,0,0
294,"Build something great:
1. Start small
2. Stay focused
3. Iterate daily
4. Listen to no one (at first)",2025-10-19 17:50:45,0,0,0
295,"Building in public is like live streaming your boxing match. Scary, but magnetic.",2025-10-20 17:50:45,0,0,0
296,Every startup is a bet. Most people fold too early.,2025-10-21 17:50:45,0,0,0
297,Everyone talks about shipping. Few actually do.,2025-10-22 17:50:45,0,0,0
298,Great builders don’t wait for permission.,2025-10-23 17:50:45,0,0,0
299,"Hobbies that scale:
- Building
- Writing
- Coding
- Investing",2025-10-24 17:50:45,0,0,0
300,"How to bootstrap:
- Spend less than you make
- Monetize early
- Say no to fake urgency
- Stay weird",2025-10-25 17:50:45,0,0,0
301,I see more pitch decks than prototypes. No wonder funding's dry.,2025-10-26 17:50:45,0,0,0
302,"If you're building without AI, you're building for 2015.",2025-10-27 17:50:45,0,0,0
303,"If you're not publishing, you're invisible.",2025-10-28 17:50:45,0,0,0
304,"If your startup can't survive without a huge team, it's not a startup—it's overhead.",2025-10-29 17:50:45,0,0,0
305,"In the AI gold rush, prompt engineers are the new pickaxe dealers.",2025-10-30 17:50:45,0,0,0
306,It used to be about office perks. Now it’s about async calendars and no Slack pings after 5.,2025-10-31 17:50:45,0,0,0
307,"LinkedIn advice is like fast food: cheap, addictive, and mostly useless.",2025-11-01 17:50:45,0,0,0
308,LinkedIn is Instagram for people who pretend they hate Instagram.,2025-11-02 17:50:45,0,0,0
309,LinkedIn used to be boring. Now it’s just performance theater with a resume.,2025-11-03 17:50:45,0,0,0
310,Money follows momentum.,2025-11-04 17:50:45,0,0,0
311,Most remote workers are just semi-employed freelancers with a benefits package.,2025-11-05 17:50:45,0,0,0
312,Open source is becoming the new venture capital.,2025-11-06 17:50:45,0,0,0
313,Open source tools are outperforming billion-dollar software and no one wants to talk about it.,2025-11-07 17:50:45,0,0,0
314,Raising $10M used to impress me. Now I’m more impressed by $10K MRR with no team.,2025-11-08 17:50:45,0,0,0
315,Remote work is the new open floor plan—everyone pretends it’s better for productivity.,2025-11-09 17:50:45,0,0,0
316,"Remote work stack:
1. Asynchronous tools
2. Clear writing
3. Trust
4. Fewer meetings",2025-11-10 17:50:45,0,0,0
317,Some of the most profitable companies today started as side projects no one took seriously.,2025-11-11 17:50:45,0,0,0
318,Startups aren’t risky. Salaries are.,2025-11-12 17:50:45,0,0,0
319,"Startups today look like weekend projects, until they don’t.",2025-11-13 17:50:45,0,0,0
320,Stop worshipping VC money. Raise only when it hurts not to. Not before.,2025-11-14 17:50:45,0,0,0
321,"The 4 horsemen of indie hacking:
- Obsession
- Curiosity
- Shipping
- Patience",2025-11-15 17:50:45,0,0,0
322,The hottest dev shop right now? A solo founder with an API key.,2025-11-16 17:50:45,0,0,0
323,The tools are free. The discipline costs everything.,2025-11-17 17:50:45,0,0,0
324,Used to be 'move fast and break things'. Now it's 'move quietly and own distribution.',2025-11-18 17:50:45,0,0,0
325,Using open source today is like standing on the shoulders of giants—except the giants are your internet friends.,2025-11-19 17:50:45,0,0,0
326,VC funding is often the tax you pay for not being able to sell.,2025-11-20 17:50:45,0,0,0
327,We used to beg for intros. Now a good tweet thread gets you funding.,2025-11-21 17:50:45,0,0,0
328,Work-life balance used to mean leaving early. Now it means not checking Discord in bed.,2025-11-22 17:50:45,0,0,0
329,You can’t outsource taste.,2025-11-23 17:50:45,0,0,0
330,You don’t need a cofounder. You need conviction.,2025-11-24 17:50:45,0,0,0
331,remote work realities won't replace you. But someone using it will.,2025-11-25 17:50:45,0,0,0
